{
  "Workflows": [
    {
      "Path": null,
      "SortBy": 0,
      "VariablesSectionElementsOrder": null,
      "ArgumentsSectionElementsOrder": null,
      "ConstantsSectionElementsOrder": null,
      "AddedNamespaces": null
    },
    {
      "Path": "Source/send_mail.xaml",
      "SortBy": 0,
      "VariablesSectionElementsOrder": [
        "mailbodyTable&Sequence_2",
        "MailBody&Sequence_2"
      ],
      "ArgumentsSectionElementsOrder": [
        "in_UserAd",
        "in_mailAdress",
        "in_dtTable",
        "in_Config"
      ],
      "ConstantsSectionElementsOrder": null,
      "AddedNamespaces": null
    },
    {
      "Path": "Framework/Process.xaml",
      "SortBy": 0,
      "VariablesSectionElementsOrder": [
        "Fiyat&Sequence_10",
        "km&Sequence_10",
        "Sehir&Sequence_10",
        "Model&Sequence_10",
        "Link&Sequence_10",
        "Fiyat&Sequence_8",
        "km&Sequence_8",
        "Sehir&Sequence_8",
        "Model&Sequence_8",
        "Link&Sequence_8",
        "Link&Sequence_6",
        "Model&Sequence_6",
        "Sehir&Sequence_6",
        "km&Sequence_6",
        "Fiyat&Sequence_6",
        "dt_TumAraçlar&Sequence_1",
        "dt_araçlar_ikinicyeni&TryCatch_2",
        "dt_araçalr_letgo&TryCatch_3",
        "dt_araclar_sahibinden&Sequence_1",
        "dt_AraclarMail&Sequence_1",
        "AracBilgiId&Sequence_1",
        "UserMail&Sequence_1",
        "UserSoyad&Sequence_1",
        "UserAd&Sequence_1",
        "VitesTipi&Sequence_1",
        "MinKm&Sequence_1",
        "MaxKm&Sequence_1",
        "MaxFiyat&Sequence_1",
        "MinFiyat&Sequence_1",
        "MaxYil&Sequence_1",
        "MinYil&Sequence_1",
        "Model&Sequence_1",
        "Marka&Sequence_1",
        "KullanciID&Sequence_1",
        "dt_temp&Sequence_1",
        "KullanciID&Sequence_4",
        "Fiyat&Sequence_4",
        "Km&Sequence_4",
        "Sehir&Sequence_4",
        "Model&Sequence_4",
        "Link&Sequence_4",
        "KullaniciId_&Sequence_4",
        "Model_&Sequence_4"
      ],
      "ArgumentsSectionElementsOrder": [
        "in_TransactionItem",
        "in_Config",
        "in_Db_connection"
      ],
      "ConstantsSectionElementsOrder": null,
      "AddedNamespaces": null
    },
    {
      "Path": "Main.xaml",
      "SortBy": 0,
      "VariablesSectionElementsOrder": [
        "TransactionItem&StateMachine_1",
        "SystemException&StateMachine_1",
        "BusinessException&StateMachine_1",
        "TransactionNumber&StateMachine_1",
        "Config&StateMachine_1",
        "RetryNumber&StateMachine_1",
        "TransactionField2&StateMachine_1",
        "TransactionField1&StateMachine_1",
        "TransactionID&StateMachine_1",
        "dt_TransactionData&StateMachine_1",
        "ConsecutiveSystemExceptions&StateMachine_1",
        "db_Connection&StateMachine_1",
        "dt_AracsAndUser&Sequence_4",
        "ShouldStop&Sequence_25"
      ],
      "ArgumentsSectionElementsOrder": [
        "in_OrchestratorQueueName",
        "in_OrchestratorQueueFolder"
      ],
      "ConstantsSectionElementsOrder": null,
      "AddedNamespaces": null
    },
    {
      "Path": "Framework/InitAllApplications.xaml",
      "SortBy": 0,
      "VariablesSectionElementsOrder": null,
      "ArgumentsSectionElementsOrder": [
        "in_Config",
        "dt_AracsAndUsers",
        "out_db_Connection"
      ],
      "ConstantsSectionElementsOrder": null,
      "AddedNamespaces": null
    },
    {
      "Path": "Source/Database_Connection.xaml",
      "SortBy": 0,
      "VariablesSectionElementsOrder": [
        "WorkFlowName&Sequence_1",
        "dt_Aracs&Sequence_1",
        "dt_Users&Sequence_1"
      ],
      "ArgumentsSectionElementsOrder": [
        "out_dtAracsAndUSers",
        "out_db_Connection"
      ],
      "ConstantsSectionElementsOrder": null,
      "AddedNamespaces": null
    },
    {
      "Path": "Source/GetInfoSahibinden.xaml",
      "SortBy": 0,
      "VariablesSectionElementsOrder": [
        "ExtractDataTable&Sequence_114",
        "IsExistsIlan&Sequence_107",
        "IsExistsMArka&Sequence_97",
        "IsExistsMArka&Sequence_87",
        "WorkFlowName&Sequence_1",
        "Sahibinden_URL&Sequence_1",
        "AraclarDataTable&Sequence_1",
        "ElementSelector&Sequence_8",
        "logMessagesContent&Sequence_8",
        "isStartDateElementExist&Sequence_9",
        "isEndDateElementExist&Sequence_9",
        "isCokluGirisButonElementExist&Sequence_9",
        "isOkButonElementExist&Sequence_9",
        "isStartDateImageExist&Sequence_10",
        "isEndDateImageExist&Sequence_10",
        "isCokluGirisButonImageExist&Sequence_10",
        "isOkButonImageExist&Sequence_10",
        "ElementSelector&Sequence_15",
        "logMessagesContent&Sequence_15",
        "isStartDateElementExist&Sequence_16",
        "isEndDateElementExist&Sequence_16",
        "isCokluGirisButonElementExist&Sequence_16",
        "isOkButonElementExist&Sequence_16",
        "isStartDateImageExist&Sequence_17",
        "isEndDateImageExist&Sequence_17",
        "isCokluGirisButonImageExist&Sequence_17",
        "isOkButonImageExist&Sequence_17",
        "logMessagesContent&Sequence_22",
        "ElementSelector&Sequence_22",
        "isStartDateElementExist&Sequence_23",
        "isWindowSearchBarElementExistElementExist&Sequence_23",
        "variable1&Sequence_24",
        "logMessagesContent&Sequence_27",
        "ElementSelector&Sequence_27",
        "isStartDateElementExist&Sequence_28",
        "isWindowSearchBarElementExistElementExist&Sequence_28",
        "variable1&Sequence_29",
        "logMessagesContent&Sequence_32",
        "ElementSelector&Sequence_32",
        "isStartDateElementExist&Sequence_33",
        "isWindowSearchBarElementExistElementExist&Sequence_33",
        "variable1&Sequence_34",
        "logMessagesContent&Sequence_37",
        "ElementSelector&Sequence_37",
        "isStartDateElementExist&Sequence_38",
        "isWindowSearchBarElementExistElementExist&Sequence_38",
        "variable1&Sequence_39",
        "ElementSelector&Sequence_45",
        "logMessagesContent&Sequence_45",
        "isStartDateElementExist&Sequence_46",
        "isEndDateElementExist&Sequence_46",
        "isCokluGirisButonElementExist&Sequence_46",
        "isOkButonElementExist&Sequence_46",
        "isStartDateImageExist&Sequence_47",
        "isEndDateImageExist&Sequence_47",
        "isCokluGirisButonImageExist&Sequence_47",
        "isOkButonImageExist&Sequence_47",
        "ElementSelector&Sequence_52",
        "logMessagesContent&Sequence_52",
        "isStartDateElementExist&Sequence_53",
        "isEndDateElementExist&Sequence_53",
        "isCokluGirisButonElementExist&Sequence_53",
        "isOkButonElementExist&Sequence_53",
        "isStartDateImageExist&Sequence_54",
        "isEndDateImageExist&Sequence_54",
        "isCokluGirisButonImageExist&Sequence_54",
        "isOkButonImageExist&Sequence_54",
        "logMessagesContent&Sequence_65",
        "ElementSelector&Sequence_65",
        "isStartDateElementExist&Sequence_66",
        "isWindowSearchBarElementExistElementExist&Sequence_66",
        "variable1&Sequence_67",
        "logMessagesContent&Sequence_68",
        "ElementSelector&Sequence_68",
        "isStartDateElementExist&Sequence_69",
        "isWindowSearchBarElementExistElementExist&Sequence_69",
        "variable1&Sequence_70",
        "ElementSelector&Sequence_75",
        "logMessagesContent&Sequence_75",
        "isStartDateElementExist&Sequence_76",
        "isEndDateElementExist&Sequence_76",
        "isCokluGirisButonElementExist&Sequence_76",
        "isOkButonElementExist&Sequence_76",
        "isStartDateImageExist&Sequence_77",
        "isEndDateImageExist&Sequence_77",
        "isCokluGirisButonImageExist&Sequence_77",
        "isOkButonImageExist&Sequence_77"
      ],
      "ArgumentsSectionElementsOrder": [
        "in_UserSoyad",
        "in_UserAd",
        "in_VitesTipi",
        "in_MinKM",
        "in_MaxKM",
        "in_MaxFiyat",
        "in_MinFiyat",
        "in_MaxYıl",
        "in_MinYıl",
        "in_Model",
        "in_Marka",
        "in_KullaniciId",
        "in_UserMail",
        "out_dtAraclar"
      ],
      "ConstantsSectionElementsOrder": null,
      "AddedNamespaces": null
    },
    {
      "Path": "test.xaml",
      "SortBy": 0,
      "VariablesSectionElementsOrder": [
        "LetGo_URL&Sequence_10",
        "maxkm&Sequence_10",
        "minkm&Sequence_10",
        "vitesTipi&Sequence_11",
        "maxtl&Sequence_10",
        "mintl&Sequence_10",
        "Maxyıl&Sequence_10",
        "MinYıl&Sequence_10",
        "Model&Sequence_10",
        "Marka&Sequence_10",
        "logMessagesContent&Sequence_5",
        "ElementSelector&Sequence_5",
        "isStartDateElementExist&Sequence_6",
        "isWindowSearchBarElementExistElementExist&Sequence_6",
        "variable1&Sequence_7",
        "dt_temp&Sequence_2",
        "out_db_Connection&Sequence_2",
        "KullanciID&Sequence_3",
        "Fiyat&Sequence_3",
        "Km&Sequence_3",
        "Sehir&Sequence_3",
        "Model&Sequence_3",
        "Link&Sequence_3"
      ],
      "ArgumentsSectionElementsOrder": null,
      "ConstantsSectionElementsOrder": null,
      "AddedNamespaces": null
    },
    {
      "Path": "Source/GetInfoLetgo.xaml",
      "SortBy": 0,
      "VariablesSectionElementsOrder": [
        "IsExistsIlan&Sequence_137",
        "logMessagesContent&Sequence_132",
        "ElementSelector&Sequence_132",
        "isStartDateElementExist&Sequence_133",
        "isWindowSearchBarElementExistElementExist&Sequence_133",
        "variable1&Sequence_134",
        "IsExistsSearchMenu&Sequence_129",
        "IsExistsIlan&Sequence_119",
        "IsExistsIlan&Sequence_118",
        "IsExistsIlan&Sequence_117",
        "IsExistsIlan&Sequence_114",
        "IsExistsModel&Sequence_111",
        "IsExistsMArka&Sequence_108",
        "dt_letgoaraçlar&Sequence_1",
        "ElementSelector&Sequence_93",
        "logMessagesContent&Sequence_93",
        "isStartDateElementExist&Sequence_94",
        "isEndDateElementExist&Sequence_94",
        "isCokluGirisButonElementExist&Sequence_94",
        "isOkButonElementExist&Sequence_94",
        "isStartDateImageExist&Sequence_95",
        "isEndDateImageExist&Sequence_95",
        "isCokluGirisButonImageExist&Sequence_95",
        "isOkButonImageExist&Sequence_95",
        "logMessagesContent&Sequence_90",
        "ElementSelector&Sequence_90",
        "isStartDateElementExist&Sequence_91",
        "isWindowSearchBarElementExistElementExist&Sequence_91",
        "variable1&Sequence_92",
        "logMessagesContent&Sequence_87",
        "ElementSelector&Sequence_87",
        "isStartDateElementExist&Sequence_88",
        "isWindowSearchBarElementExistElementExist&Sequence_88",
        "variable1&Sequence_89",
        "ElementSelector&Sequence_74",
        "logMessagesContent&Sequence_74",
        "isStartDateElementExist&Sequence_75",
        "isEndDateElementExist&Sequence_75",
        "isCokluGirisButonElementExist&Sequence_75",
        "isOkButonElementExist&Sequence_75",
        "isStartDateImageExist&Sequence_76",
        "isEndDateImageExist&Sequence_76",
        "isCokluGirisButonImageExist&Sequence_76",
        "isOkButonImageExist&Sequence_76",
        "ElementSelector&Sequence_71",
        "logMessagesContent&Sequence_71",
        "isStartDateElementExist&Sequence_72",
        "isEndDateElementExist&Sequence_72",
        "isCokluGirisButonElementExist&Sequence_72",
        "isOkButonElementExist&Sequence_72",
        "isStartDateImageExist&Sequence_73",
        "isEndDateImageExist&Sequence_73",
        "isCokluGirisButonImageExist&Sequence_73",
        "isOkButonImageExist&Sequence_73",
        "vitesTipi&Sequence_69",
        "logMessagesContent&Sequence_58",
        "ElementSelector&Sequence_58",
        "isStartDateElementExist&Sequence_59",
        "isWindowSearchBarElementExistElementExist&Sequence_59",
        "variable1&Sequence_60",
        "logMessagesContent&Sequence_55",
        "ElementSelector&Sequence_55",
        "isStartDateElementExist&Sequence_56",
        "isWindowSearchBarElementExistElementExist&Sequence_56",
        "variable1&Sequence_57",
        "ElementSelector&Sequence_52",
        "logMessagesContent&Sequence_52",
        "isStartDateElementExist&Sequence_53",
        "isEndDateElementExist&Sequence_53",
        "isCokluGirisButonElementExist&Sequence_53",
        "isOkButonElementExist&Sequence_53",
        "isStartDateImageExist&Sequence_54",
        "isEndDateImageExist&Sequence_54",
        "isCokluGirisButonImageExist&Sequence_54",
        "isOkButonImageExist&Sequence_54",
        "logMessagesContent&Sequence_41",
        "ElementSelector&Sequence_41",
        "isStartDateElementExist&Sequence_42",
        "isWindowSearchBarElementExistElementExist&Sequence_42",
        "variable1&Sequence_43",
        "logMessagesContent&Sequence_38",
        "ElementSelector&Sequence_38",
        "isStartDateElementExist&Sequence_39",
        "isWindowSearchBarElementExistElementExist&Sequence_39",
        "variable1&Sequence_40",
        "ElementSelector&Sequence_35",
        "logMessagesContent&Sequence_35",
        "isStartDateElementExist&Sequence_36",
        "isEndDateElementExist&Sequence_36",
        "isCokluGirisButonElementExist&Sequence_36",
        "isOkButonElementExist&Sequence_36",
        "isStartDateImageExist&Sequence_37",
        "isEndDateImageExist&Sequence_37",
        "isCokluGirisButonImageExist&Sequence_37",
        "isOkButonImageExist&Sequence_37",
        "IsExistsMainScreen&Sequence_7",
        "logMessagesContent&Sequence_10",
        "ElementSelector&Sequence_10",
        "isStartDateElementExist&Sequence_11",
        "isWindowSearchBarElementExistElementExist&Sequence_11",
        "variable1&Sequence_12",
        "ElementSelector&Sequence_13",
        "logMessagesContent&Sequence_13",
        "isStartDateElementExist&Sequence_14",
        "isEndDateElementExist&Sequence_14",
        "isCokluGirisButonElementExist&Sequence_14",
        "isOkButonElementExist&Sequence_14",
        "isStartDateImageExist&Sequence_15",
        "isEndDateImageExist&Sequence_15",
        "isCokluGirisButonImageExist&Sequence_15",
        "isOkButonImageExist&Sequence_15",
        "ElementSelector&Sequence_22",
        "logMessagesContent&Sequence_22",
        "isStartDateElementExist&Sequence_23",
        "isEndDateElementExist&Sequence_23",
        "isCokluGirisButonElementExist&Sequence_23",
        "isOkButonElementExist&Sequence_23",
        "isStartDateImageExist&Sequence_24",
        "isEndDateImageExist&Sequence_24",
        "isCokluGirisButonImageExist&Sequence_24",
        "isOkButonImageExist&Sequence_24",
        "LetGo_URL&Sequence_1",
        "WorkFlowName&Sequence_1"
      ],
      "ArgumentsSectionElementsOrder": [
        "out_dt_araçlar",
        "in_Marka",
        "in_Model",
        "in_MinYıl",
        "in_MaxYıl",
        "in_MinFiyat",
        "in_MaxFiyat",
        "in_MaxKM",
        "in_VitesTipi",
        "in_MinKM"
      ],
      "ConstantsSectionElementsOrder": null,
      "AddedNamespaces": null
    },
    {
      "Path": "click_typeinto_template.xaml",
      "SortBy": 0,
      "VariablesSectionElementsOrder": [
        "ElementSelector&Sequence_8",
        "logMessagesContent&Sequence_8",
        "isStartDateElementExist&Sequence_7",
        "isEndDateElementExist&Sequence_7",
        "isCokluGirisButonElementExist&Sequence_7",
        "isOkButonElementExist&Sequence_7",
        "isStartDateImageExist&Sequence_6",
        "isEndDateImageExist&Sequence_6",
        "isCokluGirisButonImageExist&Sequence_6",
        "isOkButonImageExist&Sequence_6",
        "logMessagesContent&Sequence_13",
        "ElementSelector&Sequence_13",
        "isStartDateElementExist&Sequence_12",
        "isWindowSearchBarElementExistElementExist&Sequence_12",
        "variable1&Sequence_10"
      ],
      "ArgumentsSectionElementsOrder": null,
      "ConstantsSectionElementsOrder": null,
      "AddedNamespaces": null
    },
    {
      "Path": "template.xaml",
      "SortBy": 0,
      "VariablesSectionElementsOrder": null,
      "ArgumentsSectionElementsOrder": null,
      "ConstantsSectionElementsOrder": null,
      "AddedNamespaces": null
    },
    {
      "Path": "test_.xaml",
      "SortBy": 0,
      "VariablesSectionElementsOrder": [
        "dt_araclae&Sequence_1",
        "ExtractDataTable&Sequence_15",
        "out_dtAraclar&Sequence_1",
        "IsExistsMArka&Sequence_1",
        "aaname&Sequence_1",
        "Model&Sequence_8",
        "vitesTipi&Sequence_5"
      ],
      "ArgumentsSectionElementsOrder": null,
      "ConstantsSectionElementsOrder": null,
      "AddedNamespaces": null
    },
    {
      "Path": "Source/GetInfoIkinciYeni.xaml",
      "SortBy": 0,
      "VariablesSectionElementsOrder": [
        "ModelName&Sequence_36",
        "MarkaName&Sequence_11",
        "IsExistsOtomatik&Sequence_105",
        "IsExistsManuel&Sequence_100",
        "IsExistsModel&Sequence_36",
        "IsExistsMArka&Sequence_11",
        "IsExistsArac&Sequence_106",
        "ElementSelector&Sequence_93",
        "logMessagesContent&Sequence_93",
        "isStartDateElementExist&Sequence_94",
        "isEndDateElementExist&Sequence_94",
        "isCokluGirisButonElementExist&Sequence_94",
        "isOkButonElementExist&Sequence_94",
        "isStartDateImageExist&Sequence_95",
        "isEndDateImageExist&Sequence_95",
        "isCokluGirisButonImageExist&Sequence_95",
        "isOkButonImageExist&Sequence_95",
        "ElementSelector&Sequence_90",
        "logMessagesContent&Sequence_90",
        "isStartDateElementExist&Sequence_91",
        "isEndDateElementExist&Sequence_91",
        "isCokluGirisButonElementExist&Sequence_91",
        "isOkButonElementExist&Sequence_91",
        "isStartDateImageExist&Sequence_92",
        "isEndDateImageExist&Sequence_92",
        "isCokluGirisButonImageExist&Sequence_92",
        "isOkButonImageExist&Sequence_92",
        "logMessagesContent&Sequence_75",
        "ElementSelector&Sequence_75",
        "isStartDateElementExist&Sequence_76",
        "isWindowSearchBarElementExistElementExist&Sequence_76",
        "variable1&Sequence_77",
        "logMessagesContent&Sequence_78",
        "ElementSelector&Sequence_78",
        "isStartDateElementExist&Sequence_79",
        "isWindowSearchBarElementExistElementExist&Sequence_79",
        "variable1&Sequence_80",
        "IsExistsArac&Sequence_81",
        "logMessagesContent&Sequence_61",
        "ElementSelector&Sequence_61",
        "isStartDateElementExist&Sequence_62",
        "isWindowSearchBarElementExistElementExist&Sequence_62",
        "variable1&Sequence_63",
        "logMessagesContent&Sequence_64",
        "ElementSelector&Sequence_64",
        "isStartDateElementExist&Sequence_65",
        "isWindowSearchBarElementExistElementExist&Sequence_65",
        "variable1&Sequence_66",
        "IsExistsArac&Sequence_67",
        "IsExistsArac&Sequence_58",
        "logMessagesContent&Sequence_50",
        "ElementSelector&Sequence_50",
        "isStartDateElementExist&Sequence_51",
        "isWindowSearchBarElementExistElementExist&Sequence_51",
        "variable1&Sequence_52",
        "logMessagesContent&Sequence_47",
        "ElementSelector&Sequence_47",
        "isStartDateElementExist&Sequence_48",
        "isWindowSearchBarElementExistElementExist&Sequence_48",
        "variable1&Sequence_49",
        "ElementSelector&Sequence_40",
        "logMessagesContent&Sequence_40",
        "isStartDateElementExist&Sequence_41",
        "isEndDateElementExist&Sequence_41",
        "isCokluGirisButonElementExist&Sequence_41",
        "isOkButonElementExist&Sequence_41",
        "isStartDateImageExist&Sequence_42",
        "isEndDateImageExist&Sequence_42",
        "isCokluGirisButonImageExist&Sequence_42",
        "isOkButonImageExist&Sequence_42",
        "IsExistsArac&Sequence_37",
        "ElementSelector&Sequence_24",
        "logMessagesContent&Sequence_24",
        "isStartDateElementExist&Sequence_25",
        "isEndDateElementExist&Sequence_25",
        "isCokluGirisButonElementExist&Sequence_25",
        "isOkButonElementExist&Sequence_25",
        "isStartDateImageExist&Sequence_26",
        "isEndDateImageExist&Sequence_26",
        "isCokluGirisButonImageExist&Sequence_26",
        "isOkButonImageExist&Sequence_26",
        "logMessagesContent&Sequence_27",
        "ElementSelector&Sequence_27",
        "isStartDateElementExist&Sequence_28",
        "isWindowSearchBarElementExistElementExist&Sequence_28",
        "variable1&Sequence_29",
        "logMessagesContent&Sequence_19",
        "ElementSelector&Sequence_19",
        "isStartDateElementExist&Sequence_20",
        "isWindowSearchBarElementExistElementExist&Sequence_20",
        "variable1&Sequence_21",
        "ElementSelector&Sequence_12",
        "logMessagesContent&Sequence_12",
        "isStartDateElementExist&Sequence_13",
        "isEndDateElementExist&Sequence_13",
        "isCokluGirisButonElementExist&Sequence_13",
        "isOkButonElementExist&Sequence_13",
        "isStartDateImageExist&Sequence_14",
        "isEndDateImageExist&Sequence_14",
        "isCokluGirisButonImageExist&Sequence_14",
        "isOkButonImageExist&Sequence_14",
        "IsExistsMainScreen&Sequence_8",
        "IkinciYeni_URL&Sequence_1",
        "WorkFlowName&Sequence_1"
      ],
      "ArgumentsSectionElementsOrder": [
        "out_dt_araçlar",
        "in_Marka",
        "in_Model",
        "in_MinYıl",
        "in_MaxYıl",
        "in_MinFiyat",
        "in_MaxFiyat",
        "in_MaxKM",
        "in_VitesTipi",
        "in_MinKM"
      ],
      "ConstantsSectionElementsOrder": null,
      "AddedNamespaces": null
    },
    {
      "Path": "Source/CreateHTMLBodyTable.xaml",
      "SortBy": 0,
      "VariablesSectionElementsOrder": [
        "WorkFlowName&Sequence_1",
        "Header_Background_Color&Sequence_1",
        "Body_Background_Color&Sequence_1",
        "Border_Color&Sequence_1",
        "Border_Width&Sequence_1",
        "Border_Style&Sequence_1",
        "Border_Collapse&Sequence_1",
        "Text_Align&Sequence_1",
        "Padding&Sequence_1"
      ],
      "ArgumentsSectionElementsOrder": [
        "out_MailBodyTable",
        "in_dtTransactionObject",
        "in_Config"
      ],
      "ConstantsSectionElementsOrder": null,
      "AddedNamespaces": null
    },
    {
      "Path": "Framework/SetTransactionStatus.xaml",
      "SortBy": 0,
      "VariablesSectionElementsOrder": [
        "QueueRetry&Sequence_17",
        "ScreenshotPath&Sequence_17"
      ],
      "ArgumentsSectionElementsOrder": [
        "in_BusinessException",
        "in_TransactionField1",
        "in_TransactionField2",
        "in_TransactionID",
        "in_SystemException",
        "in_Config",
        "in_TransactionItem",
        "io_RetryNumber",
        "io_TransactionNumber",
        "io_ConsecutiveSystemExceptions"
      ],
      "ConstantsSectionElementsOrder": null,
      "AddedNamespaces": null
    }
  ]
}